File,Line,Begin Offset,End Offset,Type
Output38.txt,1,0,22,BANK
Output38.txt,1,25,47,LOCATION
Output10.txt,0,0,32,BANK
Output10.txt,0,35,59,LOCATION
Output583.txt,0,0,16,BANK
Output583.txt,1,0,24,LOCATION
Output597.txt,0,0,32,BANK
Output597.txt,0,35,62,LOCATION
Output226.txt,1,0,18,BANK
Output226.txt,1,21,37,LOCATION
Output554.txt,1,0,25,BANK
Output554.txt,1,28,44,LOCATION
Output232.txt,1,0,26,BANK
Output232.txt,1,29,40,LOCATION
Output193.txt,1,0,16,BANK
Output193.txt,1,19,38,LOCATION
Output178.txt,2,36,51,LOCATION
Output145.txt,1,0,18,BANK
Output145.txt,1,21,38,LOCATION
Output186.txt,1,0,15,BANK
Output186.txt,1,18,29,LOCATION
Output555.txt,0,0,20,BANK
Output555.txt,0,23,42,LOCATION
Output227.txt,0,0,18,BANK
Output227.txt,0,21,37,LOCATION
Output596.txt,1,0,23,BANK
Output596.txt,1,26,44,LOCATION
Output11.txt,1,0,32,BANK
Output11.txt,1,35,59,LOCATION
Output13.txt,1,0,26,BANK
Output13.txt,1,29,44,LOCATION
Output580.txt,1,0,23,BANK
Output580.txt,1,26,45,LOCATION
Output231.txt,1,0,42,BANK
Output231.txt,1,45,68,LOCATION
Output557.txt,1,0,15,BANK
Output557.txt,1,18,29,LOCATION
Output219.txt,1,0,21,BANK
Output219.txt,1,24,38,LOCATION
Output147.txt,1,0,18,BANK
Output147.txt,1,21,36,LOCATION
Output609.txt,0,0,35,BANK
Output609.txt,0,38,55,LOCATION
Output608.txt,1,0,17,BANK
Output608.txt,1,20,37,LOCATION
Output152.txt,1,0,17,BANK
Output152.txt,1,20,33,LOCATION
Output146.txt,0,0,18,BANK
Output146.txt,0,21,34,LOCATION
Output185.txt,1,0,19,BANK
Output185.txt,1,25,44,LOCATION
Output218.txt,1,0,22,BANK
Output218.txt,1,25,47,LOCATION
Output224.txt,1,0,17,BANK
Output224.txt,1,20,33,LOCATION
Output581.txt,1,0,23,BANK
Output581.txt,1,26,45,LOCATION
Output595.txt,1,0,18,BANK
Output595.txt,1,22,39,LOCATION
Output12.txt,1,0,32,BANK
Output12.txt,1,35,59,LOCATION
Output16.txt,1,0,26,BANK
Output16.txt,1,29,55,LOCATION
Output591.txt,1,0,23,BANK
Output591.txt,1,27,46,LOCATION
Output4.txt,1,0,31,BANK
Output4.txt,1,34,60,LOCATION
Output208.txt,1,0,24,BANK
Output208.txt,1,27,46,LOCATION
Output552.txt,0,0,31,BANK
Output552.txt,0,34,48,LOCATION
Output220.txt,0,0,22,BANK
Output220.txt,0,25,39,LOCATION
Output181.txt,1,0,19,BANK
Output181.txt,1,20,44,LOCATION
Output618.txt,1,0,22,BANK
Output618.txt,1,25,43,LOCATION
Output157.txt,0,0,31,BANK
Output143.txt,1,0,22,BANK
Output143.txt,1,25,42,LOCATION
Output619.txt,0,0,22,BANK
Output619.txt,0,25,48,LOCATION
Output553.txt,1,0,33,BANK
Output553.txt,1,36,52,LOCATION
Output5.txt,1,0,31,BANK
Output5.txt,1,34,60,LOCATION
Output209.txt,1,0,20,BANK
Output209.txt,1,23,36,LOCATION
Output17.txt,1,0,26,BANK
Output17.txt,1,29,48,LOCATION
Output15.txt,1,0,26,BANK
Output15.txt,1,29,55,LOCATION
Output7.txt,1,0,30,BANK
Output7.txt,1,33,53,LOCATION
Output551.txt,1,0,19,BANK
Output551.txt,1,22,38,LOCATION
Output196.txt,1,0,31,BANK
Output196.txt,1,34,53,LOCATION
Output182.txt,1,0,29,BANK
Output182.txt,1,32,51,LOCATION
Output140.txt,1,0,20,BANK
Output140.txt,1,23,39,LOCATION
Output154.txt,1,0,16,BANK
Output154.txt,1,19,36,LOCATION
Output183.txt,1,0,29,BANK
Output183.txt,1,32,51,LOCATION
Output236.txt,1,0,17,BANK
Output236.txt,1,20,31,LOCATION
Output222.txt,1,0,15,BANK
Output222.txt,1,18,29,LOCATION
Output6.txt,1,0,31,BANK
Output6.txt,1,34,54,LOCATION
Output578.txt,1,0,16,BANK
Output578.txt,1,19,35,LOCATION
Output593.txt,1,0,22,BANK
Output593.txt,1,25,42,LOCATION
Output587.txt,0,0,37,BANK
Output587.txt,0,40,54,LOCATION
Output28.txt,0,0,22,BANK
Output28.txt,0,25,47,LOCATION
Output14.txt,1,0,26,BANK
Output14.txt,1,29,55,LOCATION
Output73.txt,1,23,46,LOCATION
Output98.txt,0,0,19,BANK
Output98.txt,0,22,40,LOCATION
Output127.txt,1,0,24,BANK
Output127.txt,1,27,39,LOCATION
Output250.txt,1,35,58,LOCATION
Output244.txt,1,0,19,BANK
Output244.txt,1,22,52,LOCATION
Output99.txt,1,0,21,BANK
Output99.txt,1,24,41,LOCATION
Output66.txt,1,0,19,BANK
Output66.txt,1,22,41,LOCATION
Output72.txt,1,37,54,LOCATION
Output58.txt,1,0,31,BANK
Output58.txt,1,34,58,LOCATION
Output64.txt,0,0,19,BANK
Output64.txt,2,0,18,LOCATION
Output70.txt,0,0,23,BANK
Output70.txt,0,26,41,LOCATION
Output246.txt,1,0,23,BANK
Output246.txt,1,26,45,LOCATION
Output130.txt,1,0,23,BANK
Output130.txt,1,26,49,LOCATION
Output119.txt,1,0,25,BANK
Output119.txt,1,28,46,LOCATION
Output131.txt,1,0,23,BANK
Output131.txt,1,26,49,LOCATION
Output125.txt,1,0,29,BANK
Output125.txt,1,32,48,LOCATION
Output253.txt,1,0,19,BANK
Output253.txt,1,22,45,LOCATION
Output65.txt,1,0,19,BANK
Output65.txt,1,22,37,LOCATION
Output59.txt,0,38,52,LOCATION
Output61.txt,1,0,21,BANK
Output61.txt,1,24,46,LOCATION
Output75.txt,1,0,22,BANK
Output75.txt,1,25,42,LOCATION
Output243.txt,1,0,16,BANK
Output243.txt,1,19,34,LOCATION
Output109.txt,0,0,22,BANK
Output109.txt,1,0,22,LOCATION
Output121.txt,1,0,28,BANK
Output121.txt,1,0,28,BANK
Output121.txt,1,31,45,LOCATION
Output135.txt,1,0,29,BANK
Output135.txt,1,32,50,LOCATION
Output134.txt,1,0,20,BANK
Output134.txt,1,23,39,LOCATION
Output120.txt,1,30,44,LOCATION
Output108.txt,1,0,22,BANK
Output108.txt,1,25,43,LOCATION
Output242.txt,1,0,16,BANK
Output242.txt,1,19,34,LOCATION
Output48.txt,1,0,24,BANK
Output48.txt,1,27,47,LOCATION
Output74.txt,1,0,21,BANK
Output74.txt,1,24,47,LOCATION
Output60.txt,1,0,44,BANK
Output60.txt,1,47,62,LOCATION
Output76.txt,1,0,41,BANK
Output76.txt,1,44,61,LOCATION
Output62.txt,1,0,21,BANK
Output62.txt,1,25,47,LOCATION
Output268.txt,0,0,21,BANK
Output268.txt,0,24,38,LOCATION
Output254.txt,0,0,24,BANK
Output254.txt,0,27,39,LOCATION
Output136.txt,1,0,22,BANK
Output136.txt,1,25,43,LOCATION
Output123.txt,2,0,30,BANK
Output123.txt,2,33,56,LOCATION
Output137.txt,0,0,20,BANK
Output137.txt,0,23,35,LOCATION
Output255.txt,1,0,28,BANK
Output255.txt,1,31,42,LOCATION
Output241.txt,1,0,16,BANK
Output241.txt,1,19,34,LOCATION
Output269.txt,0,0,21,BANK
Output269.txt,0,24,38,LOCATION
Output63.txt,1,0,19,BANK
Output63.txt,1,22,40,LOCATION
Output77.txt,0,0,24,BANK
Output77.txt,0,27,43,LOCATION
Output46.txt,0,0,26,BANK
Output46.txt,0,29,47,LOCATION
Output91.txt,1,0,50,BANK
Output91.txt,1,53,68,LOCATION
Output85.txt,1,0,23,BANK
Output85.txt,1,26,46,LOCATION
Output264.txt,1,0,37,BANK
Output264.txt,1,40,58,LOCATION
Output270.txt,0,0,21,BANK
Output270.txt,0,24,38,LOCATION
Output112.txt,0,0,16,BANK
Output112.txt,0,19,31,LOCATION
Output107.txt,1,0,22,BANK
Output107.txt,1,25,45,LOCATION
Output259.txt,1,0,26,BANK
Output259.txt,1,29,47,LOCATION
Output271.txt,0,0,21,BANK
Output271.txt,0,24,38,LOCATION
Output265.txt,1,0,25,BANK
Output265.txt,1,28,49,LOCATION
Output47.txt,1,0,18,BANK
Output47.txt,1,21,39,LOCATION
Output79.txt,0,0,28,BANK
Output79.txt,0,31,46,LOCATION
Output45.txt,1,0,26,BANK
Output45.txt,1,31,49,LOCATION
Output51.txt,0,0,35,BANK
Output51.txt,0,38,54,LOCATION
Output273.txt,1,30,41,LOCATION
Output105.txt,1,0,24,BANK
Output105.txt,1,27,51,LOCATION
Output111.txt,1,0,16,BANK
Output111.txt,1,19,35,LOCATION
Output139.txt,0,0,15,BANK
Output139.txt,0,18,43,LOCATION
Output138.txt,1,0,20,BANK
Output138.txt,1,23,35,LOCATION
Output110.txt,0,0,19,BANK
Output110.txt,0,22,41,LOCATION
Output104.txt,1,0,21,BANK
Output104.txt,1,24,43,LOCATION
Output266.txt,1,0,25,BANK
Output266.txt,1,29,50,LOCATION
Output44.txt,1,0,20,BANK
Output44.txt,1,23,36,LOCATION
Output78.txt,1,0,21,BANK
Output78.txt,1,24,42,LOCATION
Output54.txt,1,0,31,BANK
Output54.txt,1,34,57,LOCATION
Output68.txt,0,0,22,BANK
Output68.txt,0,25,40,LOCATION
Output128.txt,1,0,23,BANK
Output128.txt,1,26,49,LOCATION
Output115.txt,1,0,21,BANK
Output115.txt,1,24,43,LOCATION
Output129.txt,1,0,23,BANK
Output129.txt,1,26,49,LOCATION
Output263.txt,1,0,19,BANK
Output263.txt,1,22,40,LOCATION
Output82.txt,1,0,22,BANK
Output82.txt,1,25,44,LOCATION
Output69.txt,0,0,22,BANK
Output69.txt,0,25,40,LOCATION
Output43.txt,1,0,20,BANK
Output43.txt,1,23,36,LOCATION
Output94.txt,0,18,36,LOCATION
Output80.txt,1,0,22,BANK
Output80.txt,1,25,44,LOCATION
Output249.txt,0,0,27,BANK
Output249.txt,0,30,50,LOCATION
Output261.txt,1,0,19,BANK
Output261.txt,1,22,40,LOCATION
Output117.txt,1,0,16,BANK
Output117.txt,1,19,31,LOCATION
Output103.txt,1,34,54,LOCATION
Output260.txt,0,0,26,BANK
Output260.txt,0,29,47,LOCATION
Output248.txt,1,0,43,BANK
Output248.txt,1,46,59,LOCATION
Output81.txt,1,0,22,BANK
Output81.txt,1,25,44,LOCATION
Output42.txt,1,0,21,BANK
Output42.txt,1,24,44,LOCATION
Output19.txt,1,0,15,BANK
Output19.txt,1,18,38,LOCATION
Output31.txt,1,0,19,BANK
Output31.txt,1,22,45,LOCATION
Output25.txt,1,1,23,BANK
Output25.txt,1,26,45,LOCATION
Output207.txt,2,0,20,BANK
Output207.txt,2,23,38,LOCATION
Output213.txt,1,0,25,BANK
Output213.txt,1,28,49,LOCATION
Output617.txt,2,0,22,BANK
Output617.txt,2,25,41,LOCATION
Output171.txt,1,0,41,BANK
Output171.txt,1,44,61,LOCATION
Output603.txt,1,0,26,BANK
Output603.txt,1,29,48,LOCATION
Output158.txt,1,0,22,BANK
Output158.txt,1,25,38,LOCATION
Output616.txt,1,0,22,BANK
Output616.txt,1,25,46,LOCATION
Output212.txt,1,0,18,BANK
Output212.txt,1,21,39,LOCATION
Output24.txt,1,0,25,BANK
Output24.txt,1,28,48,LOCATION
Output30.txt,0,0,21,BANK
Output30.txt,2,0,19,LOCATION
Output18.txt,1,0,15,BANK
Output18.txt,1,18,38,LOCATION
Output26.txt,1,0,22,BANK
Output26.txt,1,25,47,LOCATION
Output32.txt,1,0,19,BANK
Output32.txt,1,22,45,LOCATION
Output576.txt,1,0,23,BANK
Output576.txt,1,26,45,LOCATION
Output8.txt,0,0,30,BANK
Output8.txt,0,33,53,LOCATION
Output204.txt,1,0,23,BANK
Output204.txt,1,26,45,LOCATION
Output238.txt,0,0,23,BANK
Output238.txt,0,26,44,LOCATION
Output199.txt,1,0,31,BANK
Output199.txt,1,34,56,LOCATION
Output166.txt,0,0,22,BANK
Output166.txt,0,25,50,LOCATION
Output172.txt,1,0,25,BANK
Output172.txt,1,28,42,LOCATION
Output614.txt,1,0,31,BANK
Output614.txt,1,34,48,LOCATION
Output173.txt,1,0,25,BANK
Output173.txt,1,28,42,LOCATION
Output615.txt,1,0,22,BANK
Output615.txt,1,25,46,LOCATION
Output167.txt,0,0,20,BANK
Output167.txt,0,23,36,LOCATION
Output198.txt,1,0,31,BANK
Output198.txt,1,34,56,LOCATION
Output239.txt,1,0,23,BANK
Output239.txt,1,26,44,LOCATION
Output9.txt,0,0,30,BANK
Output9.txt,0,33,53,LOCATION
Output563.txt,1,0,27,BANK
Output563.txt,1,30,52,LOCATION
Output205.txt,1,0,21,BANK
Output205.txt,1,24,43,LOCATION
Output211.txt,1,0,18,BANK
Output211.txt,1,21,39,LOCATION
Output33.txt,1,0,29,BANK
Output33.txt,1,32,48,LOCATION
Output27.txt,0,0,22,BANK
Output27.txt,0,23,45,LOCATION
Output23.txt,1,0,29,BANK
Output23.txt,1,32,50,LOCATION
Output37.txt,1,0,22,BANK
Output37.txt,1,25,48,LOCATION
Output598.txt,1,0,27,BANK
Output598.txt,1,30,52,LOCATION
Output229.txt,1,0,20,BANK
Output229.txt,1,21,38,LOCATION
Output573.txt,1,36,51,LOCATION
Output215.txt,1,0,19,BANK
Output215.txt,1,22,39,LOCATION
Output201.txt,1,0,32,BANK
Output201.txt,1,35,51,LOCATION
Output188.txt,1,0,18,BANK
Output188.txt,1,21,37,LOCATION
Output611.txt,1,0,25,BANK
Output611.txt,1,28,42,LOCATION
Output177.txt,1,0,27,BANK
Output177.txt,1,30,50,LOCATION
Output610.txt,1,36,53,LOCATION
Output176.txt,1,0,36,BANK
Output176.txt,1,41,62,LOCATION
Output604.txt,1,0,26,BANK
Output604.txt,1,29,48,LOCATION
Output189.txt,1,0,18,BANK
Output189.txt,1,21,37,LOCATION
Output200.txt,1,0,32,BANK
Output200.txt,1,36,52,LOCATION
Output566.txt,1,0,21,BANK
Output566.txt,1,37,58,LOCATION
Output572.txt,1,38,53,LOCATION
Output214.txt,1,0,25,BANK
Output214.txt,1,28,45,LOCATION
Output228.txt,1,0,20,BANK
Output228.txt,1,23,40,LOCATION
Output599.txt,1,0,20,BANK
Output599.txt,1,26,36,LOCATION
Output36.txt,1,1,30,BANK
Output36.txt,1,33,56,LOCATION
Output22.txt,0,0,29,BANK
Output22.txt,0,32,52,LOCATION
Output34.txt,1,0,29,BANK
Output34.txt,1,32,49,LOCATION
Output20.txt,0,0,25,BANK
Output20.txt,2,0,20,LOCATION
Output558.txt,1,0,15,BANK
Output558.txt,1,18,29,LOCATION
Output564.txt,1,0,17,BANK
Output564.txt,1,20,34,LOCATION
Output202.txt,0,0,24,BANK
Output202.txt,0,27,48,LOCATION
Output216.txt,1,0,22,BANK
Output216.txt,1,25,47,LOCATION
Output570.txt,1,0,16,BANK
Output570.txt,1,19,37,LOCATION
Output148.txt,1,0,18,BANK
Output148.txt,1,21,38,LOCATION
Output174.txt,0,0,25,BANK
Output612.txt,2,0,21,BANK
Output612.txt,2,24,37,LOCATION
Output606.txt,1,0,18,BANK
Output606.txt,1,21,35,LOCATION
Output607.txt,1,0,23,BANK
Output607.txt,1,26,45,LOCATION
Output161.txt,1,0,29,BANK
Output161.txt,1,32,45,LOCATION
Output175.txt,1,0,27,BANK
Output175.txt,2,0,20,LOCATION
Output613.txt,1,0,29,BANK
Output613.txt,1,32,50,LOCATION
Output149.txt,1,0,15,BANK
Output149.txt,1,18,35,LOCATION
Output217.txt,1,0,22,BANK
Output217.txt,1,25,47,LOCATION
Output203.txt,1,0,23,BANK
Output203.txt,1,26,42,LOCATION
Output21.txt,0,0,25,BANK
Output21.txt,1,0,20,LOCATION
Output35.txt,1,0,23,BANK
Output35.txt,1,26,45,LOCATION